Date,High,Low,Mid,Last,Bid,Ask,Volume
2019-03-05,8.248e-05,8.119e-05,8.1745e-05,8.166e-05,8.174e-05,8.175e-05,2650157.1276367
2019-03-04,8.195e-05,8.038e-05,8.1415e-05,8.141e-05,8.141e-05,8.142e-05,2270224.8952985
2019-03-03,8.239e-05,8.134e-05,8.172e-05,8.173e-05,8.17e-05,8.174e-05,1263727.1210999
2019-03-02,8.303e-05,8.162e-05,8.2105e-05,8.216e-05,8.21e-05,8.211e-05,1776640.9101658
2019-03-01,8.4e-05,8.158e-05,8.2645e-05,8.261e-05,8.262e-05,8.267e-05,2613527.6352705
2019-02-28,8.28e-05,8.072e-05,8.2265e-05,8.238e-05,8.226e-05,8.227e-05,3925916.7071725
2019-02-27,8.322e-05,8.105e-05,8.1405e-05,8.145e-05,8.139e-05,8.142e-05,3320653.8659261
2019-02-26,8.72e-05,8.258e-05,8.3055e-05,8.302e-05,8.305e-05,8.306e-05,5874749.5217843
2019-02-25,8.789e-05,7.881e-05,8.5545e-05,8.553e-05,8.552e-05,8.557e-05,12512671.800009
2019-02-23,8.15e-05,7.969e-05,8.0785e-05,8.078e-05,8.078e-05,8.079e-05,3350920.6384541
2019-02-22,8.17e-05,8.028e-05,8.1035e-05,8.106e-05,8.101e-05,8.106e-05,1650125.7536015
2019-02-21,8.361e-05,8.008e-05,8.1255e-05,8.121e-05,8.125e-05,8.126e-05,4957432.3639383
2019-02-20,8.421e-05,8.162e-05,8.3375e-05,8.335e-05,8.335e-05,8.34e-05,2656934.8582678
2019-02-19,8.868e-05,8.241e-05,8.262e-05,8.266e-05,8.261e-05,8.263e-05,8957283.4179594
2019-02-18,8.448e-05,8.175e-05,8.2655e-05,8.264e-05,8.265e-05,8.266e-05,5777256.0720841
2019-02-17,8.346e-05,8.207e-05,8.2575e-05,8.249e-05,8.254e-05,8.261e-05,1871019.9548749
2019-02-16,8.387e-05,8.291e-05,8.3005e-05,8.298e-05,8.299e-05,8.302e-05,536416.85934911
2019-02-15,8.42e-05,8.299e-05,8.3685e-05,8.369e-05,8.368e-05,8.369e-05,1622754.0572512
2019-02-14,8.461e-05,8.352e-05,8.3825e-05,8.386e-05,8.382e-05,8.383e-05,902861.08191713
2019-02-13,8.604e-05,8.35e-05,8.4225e-05,8.422e-05,8.422e-05,8.423e-05,2259119.5010364
2019-02-12,8.444e-05,8.275e-05,8.394e-05,8.399e-05,8.393e-05,8.395e-05,2654856.6346034
2019-02-11,8.445e-05,8.318e-05,8.329e-05,8.334e-05,8.327e-05,8.331e-05,1788444.3965359
2019-02-10,8.541e-05,8.275e-05,8.4205e-05,8.425e-05,8.415e-05,8.426e-05,3427220.7252378
2019-02-09,8.597e-05,8.456e-05,8.54e-05,8.534e-05,8.539e-05,8.541e-05,2286933.1792206
2019-02-08,8.808e-05,8.444e-05,8.5355e-05,8.536e-05,8.533e-05,8.538e-05,4816859.4110371
2019-02-07,8.632e-05,8.494e-05,8.5915e-05,8.591e-05,8.591e-05,8.592e-05,1392680.1142335
2019-02-06,8.637e-05,8.495e-05,8.505e-05,8.51e-05,8.504e-05,8.506e-05,1864208.7615885
2019-02-05,8.701e-05,8.571e-05,8.6235e-05,8.624e-05,8.623e-05,8.624e-05,5567095.555778
2019-02-04,8.794e-05,8.593e-05,8.632e-05,8.631e-05,8.631e-05,8.633e-05,4757071.9491825
2019-02-03,8.9e-05,8.648e-05,8.7345e-05,8.727e-05,8.734e-05,8.735e-05,1611336.9315556
2019-02-02,8.9e-05,8.786e-05,8.8995e-05,8.9e-05,8.899e-05,8.9e-05,2859781.1333527
2019-02-01,9.019e-05,8.673e-05,8.8815e-05,8.88e-05,8.879e-05,8.884e-05,6040396.4871531
2019-01-31,9.637e-05,8.882e-05,8.9955e-05,8.997e-05,8.994e-05,8.997e-05,7735894.4879263
2019-01-30,9.367e-05,8.34e-05,9.2705e-05,9.273e-05,9.27e-05,9.271e-05,17460944.957876
2019-01-29,8.547e-05,8.33e-05,8.4195e-05,8.419e-05,8.419e-05,8.42e-05,7793439.2570666
2019-01-28,8.653e-05,8.291e-05,8.505e-05,8.507e-05,8.503e-05,8.507e-05,8024068.7529624
2019-01-27,8.798e-05,8.613e-05,8.6235e-05,8.624e-05,8.622e-05,8.625e-05,1831748.7572928
2019-01-26,8.81e-05,8.688e-05,8.7595e-05,8.761e-05,8.759e-05,8.76e-05,4642359.3675423
2019-01-25,8.86e-05,8.756e-05,8.803e-05,8.805e-05,8.802e-05,8.804e-05,811771.75281328
2019-01-24,8.886e-05,8.773e-05,8.8435e-05,8.838e-05,8.843e-05,8.844e-05,2421221.9202417
2019-01-23,8.9e-05,8.828e-05,8.845e-05,8.859e-05,8.842e-05,8.848e-05,3350010.2690765
2019-01-22,9.018e-05,8.844e-05,8.8845e-05,8.887e-05,8.882e-05,8.887e-05,6418362.1408489
2019-01-21,9.06e-05,8.923e-05,8.992e-05,9.001e-05,8.989e-05,8.995e-05,2856234.7476346
2019-01-20,8.98e-05,8.809e-05,8.9445e-05,8.956e-05,8.944e-05,8.945e-05,3596209.4427131
2019-01-19,9.0e-05,8.802e-05,8.8935e-05,8.9e-05,8.892e-05,8.895e-05,4338152.1088463
2019-01-18,9.001e-05,8.842e-05,8.9085e-05,8.909e-05,8.906e-05,8.911e-05,1636369.5188723
2019-01-17,9.082e-05,8.933e-05,9.0005e-05,9.007e-05,9.0e-05,9.001e-05,3084830.240158
2019-01-16,9.142e-05,9.011e-05,9.0715e-05,9.075e-05,9.069e-05,9.074e-05,2267815.322212
2019-01-15,9.101e-05,8.953e-05,9.0515e-05,9.05e-05,9.051e-05,9.052e-05,2144047.0439242
2019-01-14,9.151e-05,8.954e-05,9.0695e-05,9.07e-05,9.069e-05,9.07e-05,5062388.2938137
2019-01-13,9.178e-05,8.911e-05,8.9535e-05,8.967e-05,8.951e-05,8.956e-05,3771777.1815357
2019-01-12,9.135e-05,9.012e-05,9.069e-05,9.069e-05,9.066e-05,9.072e-05,809659.61085787
2019-01-11,9.189e-05,8.991e-05,9.0215e-05,9.022e-05,9.021e-05,9.022e-05,3353837.9847855
2019-01-09,9.28e-05,9.047e-05,9.227e-05,9.24e-05,9.226e-05,9.228e-05,5099537.8083137
2019-01-07,9.28e-05,8.983e-05,9.0495e-05,9.05e-05,9.049e-05,9.05e-05,3888170.0751531
2019-01-06,9.311e-05,9.0e-05,9.0315e-05,9.03e-05,9.029e-05,9.034e-05,7988736.470119
2019-01-05,9.4e-05,9.112e-05,9.24e-05,9.245e-05,9.237e-05,9.243e-05,6699705.8039291
2019-01-04,9.45e-05,9.254e-05,9.3e-05,9.3e-05,9.297e-05,9.303e-05,6081925.5239493
2019-01-02,9.702e-05,9.421e-05,9.5645e-05,9.566e-05,9.563e-05,9.566e-05,2912633.0395128
2019-01-01,9.625e-05,9.38e-05,9.4915e-05,9.477e-05,9.49e-05,9.493e-05,1958374.8983009
2018-12-31,9.734e-05,9.364e-05,9.4205e-05,9.432e-05,9.42e-05,9.421e-05,4185971.5934451
2018-12-30,9.69e-05,9.507e-05,9.5785e-05,9.57e-05,9.578e-05,9.579e-05,3233914.2685615
2018-12-29,9.806e-05,9.47e-05,9.618e-05,9.619e-05,9.611e-05,9.625e-05,4890197.4235955
2018-12-28,9.841e-05,9.239e-05,9.5995e-05,9.598e-05,9.599e-05,9.6e-05,8335204.6945184
2018-12-27,9.859e-05,9.2e-05,9.3175e-05,9.314e-05,9.317e-05,9.318e-05,6942414.2636091
2018-12-26,0.00010171,9.623e-05,9.86e-05,9.83e-05,9.853e-05,9.867e-05,5721327.4926663
2018-12-25,0.00010186,9.715e-05,0.000100365,0.00010048,0.00010035,0.00010038,7350227.113214
2018-12-24,0.00010723,9.08e-05,0.00010018,0.00010014,0.00010016,0.0001002,19365054.974489
2018-12-23,9.41e-05,9.013e-05,9.315e-05,9.313e-05,9.312e-05,9.318e-05,4770427.8784336
2018-12-22,9.271e-05,9.005e-05,9.054e-05,9.054e-05,9.051e-05,9.057e-05,3675077.292882
2018-12-21,9.361e-05,9.048e-05,9.2285e-05,9.232e-05,9.225e-05,9.232e-05,7755460.5266866
2018-12-20,9.573e-05,9.089e-05,9.2065e-05,9.203e-05,9.206e-05,9.207e-05,9083497.8153407
2018-12-19,0.0001002,9.319e-05,9.447e-05,9.459e-05,9.437e-05,9.457e-05,15707185.9767
2018-12-18,9.669e-05,9.316e-05,9.5285e-05,9.528e-05,9.528e-05,9.529e-05,8057942.1206839
2018-12-17,9.516e-05,8.805e-05,9.3085e-05,9.29e-05,9.308e-05,9.309e-05,12062605.555234
2018-12-16,9.05e-05,8.805e-05,8.8595e-05,8.86e-05,8.859e-05,8.86e-05,3486673.3033746
2018-12-15,8.978e-05,8.789e-05,8.8485e-05,8.848e-05,8.848e-05,8.849e-05,2605598.8302499
2018-12-14,9.122e-05,8.838e-05,8.9395e-05,8.941e-05,8.939e-05,8.94e-05,4027383.7540114
2018-12-13,9.099e-05,8.835e-05,9.0635e-05,9.06e-05,9.059e-05,9.068e-05,3680514.1616646
2018-12-12,8.953e-05,8.818e-05,8.8325e-05,8.832e-05,8.832e-05,8.833e-05,3026717.5785992
2018-12-11,9.038e-05,8.71e-05,8.8495e-05,8.848e-05,8.848e-05,8.851e-05,9220110.5574481
2018-12-10,8.746e-05,8.55e-05,8.7165e-05,8.717e-05,8.716e-05,8.717e-05,4072926.4678424
2018-12-09,8.909e-05,8.679e-05,8.7015e-05,8.707e-05,8.7e-05,8.703e-05,4665602.4140297
2018-12-08,9.284e-05,8.75e-05,8.905e-05,8.909e-05,8.901e-05,8.909e-05,10148528.005198
2018-12-07,9.042e-05,8.712e-05,8.8635e-05,8.863e-05,8.863e-05,8.864e-05,13159819.792032
2018-12-06,9.009e-05,8.607e-05,8.75e-05,8.747e-05,8.747e-05,8.753e-05,9325671.5069242
2018-12-05,9.12e-05,8.817e-05,9.0325e-05,9.051e-05,9.026e-05,9.039e-05,4407137.3306046
2018-12-04,9.049e-05,8.835e-05,8.8915e-05,8.892e-05,8.891e-05,8.892e-05,3725371.5977128
2018-12-03,9.096e-05,8.868e-05,8.973e-05,8.983e-05,8.968e-05,8.978e-05,5246462.4428669
2018-12-02,8.983e-05,8.768e-05,8.902e-05,8.909e-05,8.897e-05,8.907e-05,3138864.847504
2018-12-01,9.091e-05,8.752e-05,8.88e-05,8.876e-05,8.877e-05,8.883e-05,3695297.0657202
2018-11-30,9.128e-05,8.739e-05,9.0355e-05,9.034e-05,9.035e-05,9.036e-05,5768205.1077871
2018-11-29,9.225e-05,8.662e-05,8.869e-05,8.856e-05,8.862e-05,8.876e-05,10734303.942087
2018-11-28,9.511e-05,9.13e-05,9.195e-05,9.195e-05,9.194e-05,9.196e-05,9578228.2603136
2018-11-27,9.56e-05,9.201e-05,9.4425e-05,9.442e-05,9.442e-05,9.443e-05,7428995.4495138
2018-11-25,9.673e-05,8.894e-05,9.342e-05,9.329e-05,9.338e-05,9.346e-05,16370602.18236
2018-11-24,9.84e-05,9.271e-05,9.6685e-05,9.663e-05,9.661e-05,9.676e-05,11009512.474748
2018-11-23,9.789e-05,9.266e-05,9.3545e-05,9.356e-05,9.354e-05,9.355e-05,8199282.6031167
2018-11-22,9.855e-05,9.625e-05,9.769e-05,9.773e-05,9.767e-05,9.771e-05,3222933.2344666
2018-11-21,9.86e-05,9.453e-05,9.7415e-05,9.741e-05,9.741e-05,9.742e-05,8156513.8090134
2018-11-20,0.00010511,8.965e-05,9.7425e-05,9.743e-05,9.742e-05,9.743e-05,37493633.453077
2018-11-19,0.00010099,8.725e-05,9.7915e-05,9.801e-05,9.791e-05,9.792e-05,22980248.261101
2018-11-18,9.357e-05,8.803e-05,9.106e-05,9.1e-05,9.105e-05,9.107e-05,15234071.36564
2018-11-17,8.996e-05,8.415e-05,8.8405e-05,8.818e-05,8.84e-05,8.841e-05,6199588.6250808
2018-11-16,8.593e-05,8.347e-05,8.445e-05,8.437e-05,8.442e-05,8.448e-05,4549560.4421937
2018-11-15,8.619e-05,7.887e-05,8.566e-05,8.571e-05,8.561e-05,8.571e-05,19923818.068968
2018-11-14,8.281e-05,6.999e-05,8.2115e-05,8.211e-05,8.211e-05,8.212e-05,46307888.840824
2018-11-12,8.275e-05,7.834e-05,8.1315e-05,8.13e-05,8.131e-05,8.132e-05,5415476.5425786
2018-11-11,7.951e-05,7.818e-05,7.9215e-05,7.934e-05,7.918e-05,7.925e-05,2244308.8689238
2018-11-10,8.013e-05,7.821e-05,7.9135e-05,7.918e-05,7.908e-05,7.919e-05,2995175.943303
2018-11-09,8.047e-05,7.655e-05,7.8475e-05,7.847e-05,7.847e-05,7.848e-05,4992459.3169034
2018-11-08,8.281e-05,7.62e-05,7.6475e-05,7.649e-05,7.647e-05,7.648e-05,11616437.1546
2018-11-07,8.53e-05,8.028e-05,8.2195e-05,8.22e-05,8.219e-05,8.22e-05,9475794.907012
2018-11-06,8.762e-05,7.752e-05,8.4855e-05,8.495e-05,8.482e-05,8.489e-05,15946727.305494
2018-11-05,7.715e-05,7.174e-05,7.7155e-05,7.715e-05,7.714e-05,7.717e-05,7351710.922478
2018-11-04,7.376e-05,7.075e-05,7.255e-05,7.254e-05,7.254e-05,7.256e-05,5675959.1326299
2018-11-03,7.205e-05,7.142e-05,7.17e-05,7.165e-05,7.168e-05,7.172e-05,1549430.7005299
2018-11-02,7.257e-05,7.165e-05,7.1905e-05,7.191e-05,7.19e-05,7.191e-05,3461953.1968075
2018-11-01,7.2e-05,7.078e-05,7.1815e-05,7.182e-05,7.181e-05,7.182e-05,2472230.1937058
2018-10-31,7.178e-05,7.0e-05,7.1245e-05,7.124e-05,7.124e-05,7.125e-05,2679274.0441547
2018-10-30,7.123e-05,7.003e-05,7.0395e-05,7.04e-05,7.039e-05,7.04e-05,3736143.0572218
2018-10-29,7.179e-05,6.885e-05,7.0205e-05,7.021e-05,7.019e-05,7.022e-05,4772605.8121895
2018-10-27,7.144e-05,6.936e-05,7.0955e-05,7.098e-05,7.095e-05,7.096e-05,17276870.287763
2018-10-26,7.152e-05,6.971e-05,7.1355e-05,7.14e-05,7.133e-05,7.138e-05,7591112.4074228
2018-10-25,7.2e-05,7.026e-05,7.1195e-05,7.121e-05,7.118e-05,7.121e-05,7950449.8472616
2018-10-24,7.261e-05,7.08e-05,7.1125e-05,7.117e-05,7.112e-05,7.113e-05,5753931.2270082
2018-10-22,7.077e-05,6.961e-05,7.0015e-05,7.0e-05,7.0e-05,7.003e-05,5702591.8272338
2018-10-21,7.153e-05,7.055e-05,7.0605e-05,7.071e-05,7.06e-05,7.061e-05,1234272.9980146
2018-10-20,7.188e-05,7.006e-05,7.1375e-05,7.135e-05,7.136e-05,7.139e-05,2337608.0859891
2018-10-18,7.286e-05,6.9e-05,7.058e-05,7.044e-05,7.055e-05,7.061e-05,4476693.1474024
2018-10-17,7.36e-05,7.064e-05,7.1925e-05,7.206e-05,7.191e-05,7.194e-05,6662104.3329105
2018-10-16,7.194e-05,6.787e-05,7.1325e-05,7.13e-05,7.132e-05,7.133e-05,5886924.5328819
2018-10-15,6.94e-05,6.319e-05,6.8325e-05,6.825e-05,6.829e-05,6.836e-05,27851396.038182
2018-10-14,6.757e-05,6.616e-05,6.6465e-05,6.643e-05,6.646e-05,6.647e-05,3060548.63815
2018-10-13,6.807e-05,6.596e-05,6.686e-05,6.678e-05,6.683e-05,6.689e-05,4957930.0414522
2018-10-12,7.061e-05,6.076e-05,6.7015e-05,6.703e-05,6.701e-05,6.702e-05,26471662.065902
2018-10-11,7.056e-05,6.227e-05,6.2975e-05,6.308e-05,6.295e-05,6.3e-05,34842646.553576
2018-10-10,7.27e-05,6.979e-05,7.0065e-05,7.012e-05,7.005e-05,7.008e-05,6062268.3930975
2018-10-09,7.393e-05,7.118e-05,7.263e-05,7.262e-05,7.26e-05,7.266e-05,6311851.6702349
2018-10-08,7.499e-05,7.197e-05,7.383e-05,7.382e-05,7.382e-05,7.384e-05,8679838.769612
2018-10-07,7.449e-05,7.14e-05,7.2255e-05,7.227e-05,7.222e-05,7.229e-05,7075577.3536429
2018-10-06,7.964e-05,7.131e-05,7.336e-05,7.333e-05,7.333e-05,7.339e-05,15139624.190483
2018-10-05,8.06e-05,7.746e-05,7.952e-05,7.962e-05,7.942e-05,7.962e-05,7633946.6282903
2018-10-04,8.305e-05,8.024e-05,8.064e-05,8.061e-05,8.06e-05,8.068e-05,5469349.1129194
2018-10-03,8.265e-05,7.791e-05,8.0865e-05,8.09e-05,8.083e-05,8.09e-05,13893260.196044
2018-10-02,8.826e-05,8.133e-05,8.192e-05,8.193e-05,8.185e-05,8.199e-05,9167012.284361
2018-10-01,9.09e-05,8.095e-05,8.785e-05,8.797e-05,8.782e-05,8.788e-05,23484465.600611
2018-09-30,9.357e-05,8.505e-05,8.8465e-05,8.846e-05,8.846e-05,8.847e-05,20184815.842585
2018-09-28,8.26e-05,7.787e-05,8.1025e-05,8.092e-05,8.1e-05,8.105e-05,20595075.276562
2018-09-27,8.308e-05,7.875e-05,8.099e-05,8.119e-05,8.092e-05,8.106e-05,10756457.026925
2018-09-26,8.77e-05,7.586e-05,8.0175e-05,8.01e-05,8.013e-05,8.022e-05,53595423.968788
2018-09-25,7.955e-05,6.837e-05,7.858e-05,7.833e-05,7.852e-05,7.864e-05,29223610.622504
2018-09-24,8.668e-05,7.516e-05,7.6145e-05,7.615e-05,7.608e-05,7.621e-05,15641612.031512
2018-09-23,8.922e-05,8.263e-05,8.5805e-05,8.575e-05,8.576e-05,8.585e-05,10476991.297077
2018-09-22,9.3e-05,7.278e-05,8.3925e-05,8.385e-05,8.39e-05,8.395e-05,36701678.886505
2018-09-21,0.00011702,6.56e-05,8.6395e-05,8.616e-05,8.639e-05,8.64e-05,110763652.45205
2018-09-20,7.56e-05,5.043e-05,7.241e-05,7.247e-05,7.235e-05,7.247e-05,32177897.64673
2018-09-19,5.278e-05,4.961e-05,5.0705e-05,5.07e-05,5.07e-05,5.071e-05,10060054.16255
2018-09-18,5.27e-05,4.32e-05,5.078e-05,5.081e-05,5.076e-05,5.08e-05,22848865.632082
2018-09-17,4.367e-05,4.277e-05,4.328e-05,4.315e-05,4.326e-05,4.33e-05,4917498.5770335
2018-09-16,4.34e-05,4.257e-05,4.3285e-05,4.334e-05,4.328e-05,4.329e-05,3422788.1910991
2018-09-15,4.34e-05,4.25e-05,4.3125e-05,4.31e-05,4.311e-05,4.314e-05,3701984.478782
2018-09-14,4.365e-05,4.222e-05,4.2895e-05,4.295e-05,4.288e-05,4.291e-05,4605763.9766516
2018-09-13,4.38e-05,4.18e-05,4.3285e-05,4.328e-05,4.326e-05,4.331e-05,6246686.388357
2018-09-12,4.328e-05,4.074e-05,4.255e-05,4.258e-05,4.251e-05,4.259e-05,6452275.2746182
2018-09-11,4.333e-05,4.074e-05,4.207e-05,4.21e-05,4.205e-05,4.209e-05,4691993.6885616
2018-09-10,4.463e-05,4.158e-05,4.2065e-05,4.212e-05,4.205e-05,4.208e-05,5714459.9988781
2018-09-09,4.532e-05,4.397e-05,4.3995e-05,4.4e-05,4.399e-05,4.4e-05,5707636.2943368
2018-09-08,4.548e-05,4.38e-05,4.4615e-05,4.465e-05,4.46e-05,4.463e-05,6118492.038862
2018-09-07,4.679e-05,4.443e-05,4.516e-05,4.515e-05,4.514e-05,4.518e-05,6838107.6504757
2018-09-06,4.719e-05,4.122e-05,4.6475e-05,4.652e-05,4.646e-05,4.649e-05,18962238.635417
2018-09-05,4.523e-05,4.092e-05,4.171e-05,4.171e-05,4.169e-05,4.173e-05,18094913.451901
2018-09-04,4.635e-05,4.462e-05,4.5105e-05,4.511e-05,4.51e-05,4.511e-05,5498309.5689208
2018-09-03,4.701e-05,4.597e-05,4.628e-05,4.626e-05,4.627e-05,4.629e-05,6121296.4821173
2018-09-02,4.828e-05,4.642e-05,4.6755e-05,4.675e-05,4.675e-05,4.676e-05,6835404.5268302
2018-09-01,4.898e-05,4.765e-05,4.828e-05,4.828e-05,4.826e-05,4.83e-05,4865786.9900019
2018-08-31,4.821e-05,4.731e-05,4.7695e-05,4.769e-05,4.769e-05,4.77e-05,2585972.5031753
2018-08-30,4.92e-05,4.726e-05,4.8125e-05,4.81e-05,4.811e-05,4.814e-05,2607120.6010716
2018-08-29,4.991e-05,4.82e-05,4.9185e-05,4.919e-05,4.918e-05,4.919e-05,3295114.7344871
2018-08-28,5.022e-05,4.863e-05,4.9645e-05,4.965e-05,4.964e-05,4.965e-05,9248348.4604773
2018-08-27,4.938e-05,4.812e-05,4.9085e-05,4.906e-05,4.907e-05,4.91e-05,3966764.8980769
2018-08-26,4.879e-05,4.795e-05,4.8175e-05,4.818e-05,4.817e-05,4.818e-05,1762233.5929155
2018-08-25,4.912e-05,4.828e-05,4.8595e-05,4.862e-05,4.857e-05,4.862e-05,1325227.3077339
2018-08-24,5.016e-05,4.821e-05,4.8995e-05,4.897e-05,4.899e-05,4.9e-05,3014806.3942064
2018-08-23,5.06e-05,4.9e-05,4.9995e-05,5.0e-05,4.999e-05,5.0e-05,4248574.8382775
2018-08-22,5.196e-05,4.778e-05,5.004e-05,5.003e-05,5.003e-05,5.005e-05,10078112.338871
2018-08-21,5.229e-05,4.995e-05,5.163e-05,5.163e-05,5.161e-05,5.165e-05,6764451.5060812
2018-08-20,5.388e-05,5.084e-05,5.141e-05,5.138e-05,5.138e-05,5.144e-05,6800478.8193597
2018-08-19,5.471e-05,5.001e-05,5.288e-05,5.282e-05,5.285e-05,5.291e-05,7949136.1377534
2018-08-18,5.638e-05,4.96e-05,5.0925e-05,5.092e-05,5.092e-05,5.093e-05,13272301.297013
2018-08-17,5.711e-05,4.6e-05,5.6515e-05,5.651e-05,5.65e-05,5.653e-05,12419010.069975
2018-08-16,4.709e-05,4.423e-05,4.6415e-05,4.64e-05,4.639e-05,4.644e-05,6188150.3619934
2018-08-15,4.753e-05,4.265e-05,4.4815e-05,4.478e-05,4.481e-05,4.482e-05,12958012.42118
2018-08-14,4.454e-05,4.17e-05,4.306e-05,4.305e-05,4.304e-05,4.308e-05,13876352.826358
2018-08-13,4.76e-05,4.346e-05,4.413e-05,4.411e-05,4.412e-05,4.414e-05,7590512.7873481
2018-08-11,5.214e-05,4.69e-05,4.847e-05,4.846e-05,4.845e-05,4.849e-05,9472853.0566839
2018-08-10,5.285e-05,5.121e-05,5.172e-05,5.174e-05,5.171e-05,5.173e-05,6376806.349367
2018-08-09,5.626e-05,5.215e-05,5.2675e-05,5.267e-05,5.267e-05,5.268e-05,6990826.9906943
2018-08-08,5.646e-05,5.151e-05,5.2485e-05,5.246e-05,5.246e-05,5.251e-05,10699879.551305
2018-08-07,5.975e-05,5.588e-05,5.618e-05,5.623e-05,5.616e-05,5.62e-05,5848256.1313812
2018-08-06,6.189e-05,5.921e-05,5.9215e-05,5.923e-05,5.92e-05,5.923e-05,2860138.9602737
2018-08-05,6.238e-05,6.099e-05,6.1655e-05,6.166e-05,6.165e-05,6.166e-05,2828941.7774284
2018-08-04,6.194e-05,5.89e-05,6.114e-05,6.115e-05,6.112e-05,6.116e-05,2882719.8561803
2018-08-03,6.078e-05,5.694e-05,5.9475e-05,5.946e-05,5.946e-05,5.949e-05,3317242.1499144
2018-08-02,5.902e-05,5.695e-05,5.7255e-05,5.728e-05,5.725e-05,5.726e-05,3149434.1053887
2018-08-01,6.065e-05,5.599e-05,5.8285e-05,5.834e-05,5.827e-05,5.83e-05,6266643.7063009
2018-07-31,5.688e-05,5.383e-05,5.6275e-05,5.627e-05,5.627e-05,5.628e-05,3391795.3176356
2018-07-30,5.587e-05,5.433e-05,5.457e-05,5.457e-05,5.455e-05,5.459e-05,3391700.3772576
2018-07-29,5.562e-05,5.491e-05,5.5215e-05,5.522e-05,5.521e-05,5.522e-05,747506.04337069
2018-07-28,5.579e-05,5.514e-05,5.5405e-05,5.543e-05,5.54e-05,5.541e-05,2075827.5220224
2018-07-27,5.719e-05,5.557e-05,5.559e-05,5.561e-05,5.558e-05,5.56e-05,2979617.8132004
2018-07-26,5.675e-05,5.57e-05,5.6615e-05,5.665e-05,5.661e-05,5.662e-05,3177677.2528039
2018-07-25,5.769e-05,5.399e-05,5.606e-05,5.608e-05,5.605e-05,5.607e-05,4318427.8462166
2018-07-24,5.793e-05,5.489e-05,5.521e-05,5.525e-05,5.518e-05,5.524e-05,8504324.9332405
2018-07-23,6.085e-05,5.723e-05,5.7435e-05,5.74e-05,5.743e-05,5.744e-05,5672426.3844668
2018-07-22,6.155e-05,6.067e-05,6.082e-05,6.082e-05,6.081e-05,6.083e-05,1342665.7962103
2018-07-21,6.242e-05,6.012e-05,6.1255e-05,6.126e-05,6.125e-05,6.126e-05,2800082.3031576
2018-07-20,6.403e-05,5.844e-05,6.038e-05,6.037e-05,6.037e-05,6.039e-05,16907123.482148
2018-07-19,6.638e-05,6.371e-05,6.377e-05,6.381e-05,6.376e-05,6.378e-05,5706731.9857619
2018-07-18,7.0e-05,6.516e-05,6.5775e-05,6.581e-05,6.576e-05,6.579e-05,13049459.709987
2018-07-17,7.177e-05,6.867e-05,6.9925e-05,6.992e-05,6.992e-05,6.993e-05,6944819.2114891
2018-07-16,7.133e-05,6.96e-05,7.123e-05,7.125e-05,7.121e-05,7.125e-05,4422821.1011901
2018-07-15,7.046e-05,6.981e-05,7.035e-05,7.028e-05,7.032e-05,7.038e-05,1181338.4328445
2018-07-14,7.072e-05,6.982e-05,6.9995e-05,6.999e-05,6.999e-05,7.0e-05,1573703.297838
2018-07-13,7.125e-05,6.969e-05,7.0075e-05,7.01e-05,7.006e-05,7.009e-05,2157195.426679
2018-07-12,7.063e-05,6.983e-05,6.9975e-05,6.997e-05,6.997e-05,6.998e-05,2116580.6037725
2018-07-11,7.056e-05,6.951e-05,7.0475e-05,7.048e-05,7.043e-05,7.052e-05,2500582.3945211
2018-07-10,7.15e-05,6.959e-05,7.0215e-05,7.021e-05,7.021e-05,7.022e-05,3539998.3775784
2018-07-09,7.21e-05,7.037e-05,7.1325e-05,7.133e-05,7.132e-05,7.133e-05,3478524.172379
2018-07-08,7.228e-05,7.07e-05,7.2115e-05,7.211e-05,7.211e-05,7.212e-05,2240808.4936335
2018-07-07,7.229e-05,7.1e-05,7.1755e-05,7.175e-05,7.175e-05,7.176e-05,1933236.7972642
2018-07-06,7.32e-05,7.12e-05,7.1855e-05,7.187e-05,7.183e-05,7.188e-05,4674828.2691564
2018-07-05,7.53e-05,7.22e-05,7.2895e-05,7.289e-05,7.289e-05,7.29e-05,3269483.9080486
2018-07-04,7.583e-05,7.352e-05,7.4225e-05,7.423e-05,7.422e-05,7.423e-05,3577593.1100346
2018-07-03,7.801e-05,7.38e-05,7.463e-05,7.465e-05,7.461e-05,7.465e-05,4011259.5522695
2018-07-02,7.459e-05,7.157e-05,7.4165e-05,7.42e-05,7.413e-05,7.42e-05,5392974.1947068
2018-07-01,7.329e-05,7.15e-05,7.2655e-05,7.263e-05,7.263e-05,7.268e-05,1820587.8068397
2018-06-30,7.536e-05,7.224e-05,7.2355e-05,7.239e-05,7.235e-05,7.236e-05,3724546.9246074
2018-06-29,7.628e-05,7.237e-05,7.315e-05,7.311e-05,7.312e-05,7.318e-05,10217354.284891
2018-06-28,7.693e-05,7.49e-05,7.6075e-05,7.608e-05,7.607e-05,7.608e-05,3610173.2413305
2018-06-27,7.691e-05,7.418e-05,7.6805e-05,7.681e-05,7.68e-05,7.681e-05,4208324.3709006
2018-06-26,7.752e-05,7.536e-05,7.5475e-05,7.551e-05,7.545e-05,7.55e-05,3412324.6108765
2018-06-25,7.867e-05,7.598e-05,7.676e-05,7.673e-05,7.673e-05,7.679e-05,4194745.5191366
2018-06-24,8.003e-05,7.602e-05,7.758e-05,7.765e-05,7.757e-05,7.759e-05,7897512.4940414
2018-06-23,8.04e-05,7.864e-05,7.883e-05,7.887e-05,7.881e-05,7.885e-05,2157104.8156071
2018-06-22,8.087e-05,7.852e-05,7.9725e-05,7.971e-05,7.97e-05,7.975e-05,7871763.9450174
2018-06-21,8.087e-05,7.911e-05,7.949e-05,7.943e-05,7.947e-05,7.951e-05,2283419.1838893
2018-06-20,8.171e-05,7.96e-05,7.9955e-05,7.997e-05,7.995e-05,7.996e-05,4302925.0197842
2018-06-19,8.217e-05,8.007e-05,8.121e-05,8.12e-05,8.12e-05,8.122e-05,3606912.6403583
2018-06-18,8.164e-05,7.908e-05,8.0395e-05,8.037e-05,8.035e-05,8.044e-05,6429660.1219584
2018-06-17,8.231e-05,8.06e-05,8.149e-05,8.153e-05,8.148e-05,8.15e-05,1914577.5828442
2018-06-16,8.361e-05,8.149e-05,8.213e-05,8.21e-05,8.212e-05,8.214e-05,2050470.5253429
2018-06-15,8.443e-05,8.253e-05,8.2615e-05,8.258e-05,8.26e-05,8.263e-05,4280303.8115586
2018-06-14,8.533e-05,8.246e-05,8.3645e-05,8.362e-05,8.36e-05,8.369e-05,5127768.306495
2018-06-13,8.531e-05,8.147e-05,8.3205e-05,8.321e-05,8.32e-05,8.321e-05,5559175.0241162
2018-06-12,8.714e-05,8.367e-05,8.492e-05,8.494e-05,8.49e-05,8.494e-05,5722501.1885043
2018-06-11,8.723e-05,8.247e-05,8.652e-05,8.648e-05,8.649e-05,8.655e-05,5170437.5087246
2018-06-10,8.819e-05,8.257e-05,8.3565e-05,8.357e-05,8.355e-05,8.358e-05,11982316.799398
2018-06-09,8.86e-05,8.725e-05,8.7595e-05,8.761e-05,8.759e-05,8.76e-05,1728246.1164534
2018-06-08,8.86e-05,8.713e-05,8.8365e-05,8.837e-05,8.836e-05,8.837e-05,2360345.0491716
2018-06-07,8.905e-05,8.752e-05,8.8255e-05,8.825e-05,8.825e-05,8.826e-05,2638395.4308421
2018-06-06,8.889e-05,8.741e-05,8.7775e-05,8.778e-05,8.777e-05,8.778e-05,3478783.3700229
2018-06-05,8.956e-05,8.57e-05,8.8325e-05,8.838e-05,8.832e-05,8.833e-05,4175158.7403047
2018-06-04,9.105e-05,8.525e-05,8.8255e-05,8.828e-05,8.825e-05,8.826e-05,8880012.4806293
2018-06-03,8.742e-05,8.386e-05,8.6295e-05,8.634e-05,8.629e-05,8.63e-05,3271430.0481286
2018-06-02,8.491e-05,8.18e-05,8.405e-05,8.415e-05,8.402e-05,8.408e-05,4904862.2029234
2018-06-01,8.27e-05,8.092e-05,8.1825e-05,8.175e-05,8.18e-05,8.185e-05,3256799.3028554
2018-05-31,8.197e-05,8.041e-05,8.1305e-05,8.131e-05,8.13e-05,8.131e-05,4804366.6847262
2018-05-30,8.3e-05,7.985e-05,8.0525e-05,8.052e-05,8.052e-05,8.053e-05,4712926.9678551
2018-05-29,8.136e-05,7.7e-05,7.9835e-05,7.99e-05,7.979e-05,7.988e-05,8105552.1407933
2018-05-28,8.265e-05,7.727e-05,7.7915e-05,7.79e-05,7.789e-05,7.794e-05,5646053.366763
2018-05-27,8.329e-05,8.206e-05,8.2395e-05,8.237e-05,8.238e-05,8.241e-05,3272297.6121389
2018-05-26,8.283e-05,8.051e-05,8.2355e-05,8.236e-05,8.235e-05,8.236e-05,3678350.7809582
2018-05-25,8.343e-05,8.023e-05,8.077e-05,8.071e-05,8.074e-05,8.08e-05,6045295.7693686
2018-05-24,8.385e-05,7.84e-05,8.2555e-05,8.255e-05,8.255e-05,8.256e-05,8425890.0367031
2018-05-23,8.075e-05,7.654e-05,7.977e-05,7.975e-05,7.971e-05,7.983e-05,8939948.0646402
2018-05-22,8.135e-05,7.973e-05,7.9885e-05,7.989e-05,7.988e-05,7.989e-05,3480075.7175605
2018-05-21,8.238e-05,7.998e-05,8.0375e-05,8.045e-05,8.03e-05,8.045e-05,3979631.2353771
2018-05-20,8.317e-05,8.121e-05,8.181e-05,8.182e-05,8.179e-05,8.183e-05,5030112.6996139
2018-05-19,8.277e-05,8.102e-05,8.1515e-05,8.165e-05,8.148e-05,8.155e-05,2745169.9601983
2018-05-18,8.315e-05,8.084e-05,8.195e-05,8.195e-05,8.19e-05,8.2e-05,3639508.9576378
2018-05-17,8.49e-05,8.096e-05,8.199e-05,8.206e-05,8.194e-05,8.204e-05,3763502.5531757
2018-05-16,8.359e-05,8.065e-05,8.3515e-05,8.359e-05,8.344e-05,8.359e-05,6024761.4993492
2018-05-15,8.522e-05,8.023e-05,8.0965e-05,8.105e-05,8.09e-05,8.103e-05,10170038.939788
2018-05-14,8.573e-05,8.244e-05,8.3635e-05,8.37e-05,8.359e-05,8.368e-05,6858236.4380624
2018-05-13,8.567e-05,7.958e-05,8.4355e-05,8.436e-05,8.435e-05,8.436e-05,5689740.400018
2018-05-12,8.2e-05,7.662e-05,8.0825e-05,8.085e-05,8.08e-05,8.085e-05,11504489.318048
2018-05-11,8.455e-05,7.317e-05,8.0635e-05,8.067e-05,8.062e-05,8.065e-05,34626830.477859
2018-05-10,8.608e-05,8.448e-05,8.4525e-05,8.455e-05,8.45e-05,8.455e-05,3694581.310297
2018-05-09,8.792e-05,8.384e-05,8.5665e-05,8.583e-05,8.566e-05,8.567e-05,17408304.627566
2018-05-08,8.959e-05,8.707e-05,8.762e-05,8.755e-05,8.758e-05,8.766e-05,5281888.4218731
2018-05-07,8.967e-05,8.645e-05,8.8285e-05,8.845e-05,8.824e-05,8.833e-05,11282268.301164
2018-05-06,9.248e-05,8.863e-05,8.9375e-05,8.938e-05,8.937e-05,8.938e-05,7989706.4368927
2018-05-05,9.39e-05,9.073e-05,9.185e-05,9.188e-05,9.182e-05,9.188e-05,6704900.2776525
2018-05-04,9.5e-05,8.886e-05,9.2095e-05,9.209e-05,9.209e-05,9.21e-05,12932062.408317
2018-05-03,9.429e-05,9.02e-05,9.047e-05,9.044e-05,9.044e-05,9.05e-05,9127817.1702947
2018-05-02,9.415e-05,9.15e-05,9.3565e-05,9.357e-05,9.351e-05,9.362e-05,9438126.1696071
2018-05-01,9.265e-05,8.766e-05,9.1535e-05,9.151e-05,9.151e-05,9.156e-05,9460096.0596166
2018-04-30,9.298e-05,8.882e-05,8.9245e-05,8.927e-05,8.922e-05,8.927e-05,5965534.5316726
2018-04-29,9.6e-05,8.975e-05,9.2475e-05,9.246e-05,9.246e-05,9.249e-05,8940338.6123264
2018-04-28,9.447e-05,8.979e-05,9.2525e-05,9.25e-05,9.25e-05,9.255e-05,7405381.3282464
2018-04-27,9.206e-05,9.02e-05,9.0975e-05,9.094e-05,9.096e-05,9.099e-05,7515796.7210668
2018-04-26,9.296e-05,8.77e-05,9.151e-05,9.151e-05,9.147e-05,9.155e-05,10453781.57817
2018-04-25,9.88e-05,8.598e-05,9.0395e-05,9.04e-05,9.039e-05,9.04e-05,20089202.406323
2018-04-24,0.00010215,9.721e-05,9.879e-05,9.876e-05,9.875e-05,9.883e-05,18070654.913628
2018-04-23,9.93e-05,9.55e-05,9.799e-05,9.801e-05,9.798e-05,9.8e-05,8703484.2147512
2018-04-22,0.00010154,9.524e-05,9.936e-05,9.958e-05,9.931e-05,9.941e-05,6652251.1226477
2018-04-21,0.00010499,9.382e-05,9.7575e-05,9.753e-05,9.753e-05,9.762e-05,14072421.598312
2018-04-20,0.00010998,9.215e-05,0.00010356,0.00010355,0.0001035,0.00010362,24522172.429524
2018-04-19,9.305e-05,8.615e-05,9.2185e-05,9.211e-05,9.216e-05,9.221e-05,9499683.8766873
2018-04-18,8.896e-05,8.281e-05,8.7885e-05,8.796e-05,8.78e-05,8.797e-05,7108200.3290751
2018-04-17,8.38e-05,8.17e-05,8.3175e-05,8.323e-05,8.312e-05,8.323e-05,4508409.8182414
2018-04-16,8.295e-05,8.052e-05,8.1815e-05,8.18e-05,8.18e-05,8.183e-05,4962027.7416266
2018-04-15,8.319e-05,7.983e-05,8.3005e-05,8.293e-05,8.296e-05,8.305e-05,5032632.7187319
2018-04-14,8.283e-05,7.86e-05,8.0295e-05,8.03e-05,8.021e-05,8.038e-05,6610303.7739809
2018-04-13,8.702e-05,7.83e-05,8.158e-05,8.15e-05,8.151e-05,8.165e-05,16191763.094073
2018-04-12,8.46e-05,7.112e-05,8.2695e-05,8.291e-05,8.263e-05,8.276e-05,23022263.893826
2018-04-11,7.36e-05,7.097e-05,7.3635e-05,7.355e-05,7.362e-05,7.365e-05,7731685.9922966
2018-04-10,7.219e-05,7.09e-05,7.189e-05,7.189e-05,7.187e-05,7.191e-05,3225856.6393271
2018-04-09,7.198e-05,7.045e-05,7.1955e-05,7.198e-05,7.191e-05,7.2e-05,5289348.5461114
2018-04-08,7.118e-05,6.991e-05,7.1135e-05,7.111e-05,7.108e-05,7.119e-05,3285551.1412619
2018-04-07,7.188e-05,7.01e-05,7.0115e-05,7.011e-05,7.011e-05,7.012e-05,3402491.175649
2018-04-06,7.249e-05,7.031e-05,7.095e-05,7.095e-05,7.091e-05,7.099e-05,3709655.0205616
2018-04-05,7.281e-05,7.082e-05,7.2335e-05,7.235e-05,7.232e-05,7.235e-05,7692600.0207221
2018-04-04,7.474e-05,7.086e-05,7.256e-05,7.254e-05,7.254e-05,7.258e-05,7343083.821087
2018-04-03,7.43e-05,6.905e-05,7.253e-05,7.255e-05,7.251e-05,7.255e-05,10684792.100912
2018-04-02,7.115e-05,6.9e-05,6.975e-05,6.978e-05,6.971e-05,6.979e-05,4246070.3167008
2018-04-01,7.241e-05,7.029e-05,7.057e-05,7.064e-05,7.056e-05,7.058e-05,4390259.4396569
2018-03-31,7.375e-05,7.136e-05,7.2165e-05,7.219e-05,7.211e-05,7.222e-05,4291336.4193032
2018-03-30,7.3e-05,7.007e-05,7.2465e-05,7.251e-05,7.243e-05,7.25e-05,7346892.0100048
2018-03-29,7.276e-05,7.037e-05,7.2105e-05,7.21e-05,7.21e-05,7.211e-05,8713648.9147457
2018-03-28,7.334e-05,7.186e-05,7.2105e-05,7.209e-05,7.205e-05,7.216e-05,3694408.3597379
2018-03-27,7.399e-05,7.17e-05,7.3045e-05,7.305e-05,7.304e-05,7.305e-05,3580052.449619
2018-03-26,7.539e-05,7.221e-05,7.309e-05,7.304e-05,7.304e-05,7.314e-05,9577472.2898753
2018-03-25,7.605e-05,7.3e-05,7.517e-05,7.513e-05,7.513e-05,7.521e-05,1792471.3139035
2018-03-24,7.611e-05,7.17e-05,7.3585e-05,7.363e-05,7.354e-05,7.363e-05,3027306.6672768
2018-03-23,7.51e-05,7.204e-05,7.2405e-05,7.235e-05,7.235e-05,7.246e-05,3725991.8263468
2018-03-22,7.647e-05,7.325e-05,7.4655e-05,7.474e-05,7.46e-05,7.471e-05,5292154.540858
2018-03-21,7.9e-05,7.507e-05,7.5785e-05,7.578e-05,7.575e-05,7.582e-05,9145263.8387708
2018-03-20,8.417e-05,7.844e-05,7.8655e-05,7.873e-05,7.858e-05,7.873e-05,24124273.57722
2018-03-19,8.245e-05,7.705e-05,8.0525e-05,8.051e-05,8.051e-05,8.054e-05,10145124.428113
2018-03-18,8.25e-05,7.302e-05,7.933e-05,7.93e-05,7.93e-05,7.936e-05,12652268.559866
2018-03-17,8.282e-05,7.898e-05,7.9955e-05,7.995e-05,7.991e-05,8.0e-05,4825050.2395515
2018-03-16,8.7e-05,8.1e-05,8.1185e-05,8.126e-05,8.112e-05,8.125e-05,7698009.9399384
2018-03-15,8.755e-05,8.056e-05,8.2715e-05,8.296e-05,8.267e-05,8.276e-05,10977541.509371
2018-03-14,8.616e-05,8.221e-05,8.3195e-05,8.324e-05,8.314e-05,8.325e-05,6356369.6039055
2018-03-13,8.631e-05,8.39e-05,8.458e-05,8.46e-05,8.456e-05,8.46e-05,4382606.4794046
2018-03-12,8.709e-05,8.315e-05,8.6205e-05,8.616e-05,8.616e-05,8.625e-05,5348222.1676072
2018-03-11,8.997e-05,8.495e-05,8.5695e-05,8.567e-05,8.567e-05,8.572e-05,6681020.3872916
2018-03-10,8.953e-05,8.668e-05,8.831e-05,8.829e-05,8.826e-05,8.836e-05,3071807.672775
2018-03-09,9.213e-05,8.573e-05,8.9315e-05,8.935e-05,8.923e-05,8.94e-05,8415413.9415541
2018-03-08,8.795e-05,8.512e-05,8.6475e-05,8.657e-05,8.643e-05,8.652e-05,4784724.1400742
2018-03-07,8.713e-05,8.252e-05,8.612e-05,8.611e-05,8.604e-05,8.62e-05,11442999.17991
2018-03-06,8.799e-05,8.18e-05,8.4435e-05,8.454e-05,8.439e-05,8.448e-05,16598759.44624
2018-03-05,9.427e-05,8.113e-05,8.1855e-05,8.174e-05,8.174e-05,8.197e-05,25352717.679193
2018-03-04,9.044e-05,7.82e-05,8.6645e-05,8.661e-05,8.664e-05,8.665e-05,12865049.729157
2018-03-03,8.246e-05,7.8e-05,7.8375e-05,7.856e-05,7.833e-05,7.842e-05,5818283.006591
2018-03-02,8.396e-05,8.1e-05,8.145e-05,8.144e-05,8.14e-05,8.15e-05,7542693.2936826
2018-03-01,8.89e-05,8.3e-05,8.3745e-05,8.377e-05,8.373e-05,8.376e-05,10839520.262433
2018-02-28,8.785e-05,8.431e-05,8.5715e-05,8.57e-05,8.571e-05,8.572e-05,8122864.9799195
2018-02-27,9.074e-05,8.675e-05,8.7155e-05,8.716e-05,8.715e-05,8.716e-05,8453387.2664128
2018-02-26,9.426e-05,8.9e-05,8.996e-05,8.998e-05,8.99e-05,9.002e-05,7627763.7452469
2018-02-25,9.5e-05,9.243e-05,9.426e-05,9.435e-05,9.418e-05,9.434e-05,4296576.6132281
2018-02-24,9.377e-05,9.072e-05,9.3185e-05,9.321e-05,9.313e-05,9.324e-05,6204622.4870835
2018-02-23,9.533e-05,8.88e-05,9.2665e-05,9.267e-05,9.261e-05,9.272e-05,12300260.608885
2018-02-22,9.229e-05,8.77e-05,9.0535e-05,9.05e-05,9.053e-05,9.054e-05,13299643.700997
2018-02-21,9.351e-05,8.95e-05,9.0825e-05,9.09e-05,9.081e-05,9.084e-05,10146169.233422
2018-02-20,9.935e-05,8.933e-05,9.1345e-05,9.139e-05,9.129e-05,9.14e-05,7483394.2273332
2018-02-19,0.00010429,9.909e-05,9.928e-05,9.933e-05,9.923e-05,9.933e-05,4599299.0249274
2018-02-18,0.00010648,0.0001019,0.000102945,0.00010283,0.00010284,0.00010305,9296090.7190521
2018-02-17,0.00011154,0.00010292,0.0001063,0.00010625,0.00010625,0.00010635,9179228.609019
2018-02-16,0.00011152,0.00010752,0.00010927,0.00010934,0.00010919,0.00010935,5733399.4759301
2018-02-15,0.00011966,0.00010918,0.000109985,0.00011001,0.0001099,0.00011007,13859931.478164
2018-02-14,0.00012472,0.00011203,0.000119215,0.00011932,0.00011913,0.0001193,19206378.914188
2018-02-13,0.0001186,0.00011434,0.000115705,0.0001157,0.0001157,0.00011571,6551579.4076052
2018-02-12,0.0001223,0.00011698,0.000117025,0.00011713,0.00011693,0.00011712,8468384.80244
2018-02-11,0.00012436,0.00011211,0.00011916,0.00011937,0.00011909,0.00011923,11570713.965145
2018-02-10,0.000136,0.00010447,0.000120805,0.00012081,0.0001208,0.00012081,41678626.545471
2018-02-09,0.00010941,9.377e-05,0.00010441,0.00010455,0.00010431,0.00010451,17413054.225349
2018-02-08,9.5e-05,8.86e-05,9.469e-05,9.484e-05,9.463e-05,9.475e-05,10850600.588934
2018-02-07,9.915e-05,9.314e-05,9.3575e-05,9.359e-05,9.356e-05,9.359e-05,16261287.343761
2018-02-06,0.00010129,9.544e-05,9.8865e-05,9.89e-05,9.875e-05,9.898e-05,25907543.59785
2018-02-05,0.00010162,9.538e-05,9.798e-05,9.782e-05,9.788e-05,9.808e-05,17114906.123577
2018-02-04,0.00010434,9.85e-05,9.964e-05,9.972e-05,9.949e-05,9.979e-05,9286513.5835172
2018-02-03,0.00010792,9.48e-05,0.000103775,0.00010383,0.00010367,0.00010388,15339123.564865
2018-02-02,0.00010692,8.433e-05,0.00010092,0.00010081,0.0001008,0.00010104,44758157.789946
2018-02-01,0.00011185,0.0001018,0.000104365,0.00010439,0.00010433,0.0001044,14445166.568164
2018-01-31,0.00011273,0.00010501,0.00011039,0.00011043,0.00011035,0.00011043,8697771.0031377
2018-01-30,0.00011453,0.00010878,0.00010883,0.00010892,0.00010874,0.00010892,9483538.5094334
2018-01-29,0.00011595,0.00011199,0.00011283,0.00011275,0.00011268,0.00011298,6660585.3699997
2018-01-28,0.00011809,0.00010501,0.00011591,0.00011594,0.00011587,0.00011595,7676086.4831408
2018-01-27,0.0001095,0.00010556,0.000106415,0.00010642,0.00010641,0.00010642,6195264.241961
2018-01-26,0.00011654,0.0001072,0.00010915,0.00010921,0.00010907,0.00010923,13286380.491021
2018-01-25,0.00011982,0.00011607,0.000116305,0.00011613,0.00011621,0.0001164,5192101.4709275
2018-01-24,0.00012795,0.00011813,0.000123105,0.00012316,0.00012303,0.00012318,13489608.68239
2018-01-23,0.00012477,0.00011079,0.000124055,0.000124,0.00012395,0.00012416,16182948.264686
2018-01-22,0.00012349,0.00011302,0.00011835,0.00011862,0.00011816,0.00011854,13010055.874078
2018-01-21,0.00013414,0.00012001,0.00012255,0.00012255,0.00012253,0.00012257,12727842.671244
2018-01-20,0.00014679,0.000131,0.00013324,0.00013329,0.00013318,0.0001333,12358149.525168
2018-01-19,0.00014533,0.00011186,0.000139745,0.00013974,0.00013974,0.00013975,34442799.900725
2018-01-18,0.0001246,9.447e-05,0.000117535,0.00011742,0.00011747,0.0001176,55486556.416124
2018-01-17,0.00012867,8.132e-05,0.000102855,0.00010296,0.00010275,0.00010296,59914467.838619
2018-01-16,0.00013696,0.00012011,0.0001218,0.00012192,0.00012169,0.00012191,10811885.959237
2018-01-15,0.00014009,0.00013239,0.000134375,0.00013437,0.00013437,0.00013438,9740979.6305314
2018-01-14,0.0001483,0.00013684,0.00013996,0.00013989,0.00013987,0.00014005,9636015.1981093
2018-01-13,0.00015824,0.00014014,0.000146235,0.00014619,0.00014621,0.00014626,23279456.49482
2018-01-12,0.00016497,0.00011868,0.00014527,0.00014508,0.00014512,0.00014542,51588567.884582
2018-01-11,0.0001494,0.00011957,0.000130895,0.00013089,0.00013079,0.000131,43133332.489596
2018-01-10,0.0001631,0.0001337,0.000143215,0.00014366,0.00014294,0.00014349,21583854.130048
2018-01-09,0.00017087,0.00014,0.00016003,0.00016007,0.00016001,0.00016005,21727644.752108
2018-01-08,0.000175,0.00015332,0.000170315,0.00017012,0.00017011,0.00017052,15194676.473
2018-01-07,0.00017498,0.00014461,0.000153915,0.00015384,0.00015384,0.00015399,25257411.830348
2018-01-06,0.0002024,0.00013425,0.000147815,0.00014816,0.00014747,0.00014816,66452664.585711
2018-01-05,0.0002298,0.0001731,0.00018157,0.000182,0.00018115,0.00018199,72171411.693075
2018-01-04,0.00019375,0.000145,0.00018017,0.0001802,0.00018014,0.0001802,46420199.191747
2018-01-03,0.00015879,0.00013128,0.00014872,0.00014896,0.00014849,0.00014895,29137877.109299
2018-01-02,0.00015659,0.0001386,0.000152745,0.00015301,0.0001526,0.00015289,13501376.452858
2018-01-01,0.00015894,0.00012171,0.000142855,0.00014287,0.00014285,0.00014286,51168656.25617
2017-12-22,7.387e-05,4.339e-05,7.184e-05,7.198e-05,7.171e-05,7.197e-05,119063246.51821
2017-12-21,4.449e-05,4.011e-05,4.3515e-05,4.35e-05,4.351e-05,4.352e-05,41207946.44702
2017-12-20,4.487e-05,3.939e-05,4.2095e-05,4.209e-05,4.209e-05,4.21e-05,42981742.86369
2017-12-19,4.29e-05,3.645e-05,3.992e-05,3.989e-05,3.99e-05,3.994e-05,43131726.08774
2017-12-18,3.989e-05,3.57e-05,3.747e-05,3.749e-05,3.745e-05,3.749e-05,23818444.757665
2017-12-17,4.588e-05,3.7e-05,3.8455e-05,3.848e-05,3.843e-05,3.848e-05,52815473.589523
2017-12-16,5.27e-05,3.5e-05,4.203e-05,4.202e-05,4.202e-05,4.204e-05,138992376.34749
2017-12-15,5.499e-05,2.775e-05,5.244e-05,5.256e-05,5.23e-05,5.258e-05,169051159.12135
2017-12-14,3.7e-05,2.204e-05,2.827e-05,2.82e-05,2.826e-05,2.828e-05,99699756.455284
2017-12-12,1.539e-05,1.402e-05,1.4835e-05,1.484e-05,1.483e-05,1.484e-05,17021424.26107
2017-12-11,1.756e-05,1.477e-05,1.5275e-05,1.529e-05,1.527e-05,1.528e-05,28667502.030794
2017-12-10,1.773e-05,1.446e-05,1.6025e-05,1.602e-05,1.602e-05,1.603e-05,30019087.985307
2017-12-09,1.599e-05,1.196e-05,1.435e-05,1.435e-05,1.434e-05,1.436e-05,90146884.553712
2017-12-08,1.601e-05,1.225e-05,1.237e-05,1.238e-05,1.236e-05,1.238e-05,56476060.136704
2017-12-07,2.005e-05,1.53e-05,1.5935e-05,1.593e-05,1.593e-05,1.594e-05,51337429.37622
2017-12-06,2.133e-05,1.978e-05,2.0015e-05,2.0e-05,1.999e-05,2.004e-05,29929493.251049
2017-12-05,2.196e-05,2.115e-05,2.127e-05,2.13e-05,2.126e-05,2.128e-05,14073911.704394
2017-12-04,2.25e-05,2.112e-05,2.1915e-05,2.188e-05,2.188e-05,2.195e-05,17694591.379416
2017-12-03,2.297e-05,2.201e-05,2.243e-05,2.242e-05,2.241e-05,2.245e-05,9338459.0347315
2017-12-02,2.414e-05,2.262e-05,2.2825e-05,2.28e-05,2.282e-05,2.283e-05,12235308.657582
2017-12-01,2.491e-05,2.304e-05,2.3695e-05,2.378e-05,2.365e-05,2.374e-05,23273314.160822
2017-11-30,2.833e-05,2.3e-05,2.414e-05,2.411e-05,2.411e-05,2.417e-05,47501199.002073
2017-11-29,2.854e-05,2.528e-05,2.8285e-05,2.826e-05,2.826e-05,2.831e-05,32970154.690299
2017-11-28,2.638e-05,2.531e-05,2.537e-05,2.537e-05,2.533e-05,2.541e-05,19873032.4216
2017-11-27,2.845e-05,2.57e-05,2.6375e-05,2.638e-05,2.637e-05,2.638e-05,18421157.095742
2017-11-25,3.009e-05,2.784e-05,2.933e-05,2.928e-05,2.931e-05,2.935e-05,22708488.836425
2017-11-24,3.073e-05,2.877e-05,2.9895e-05,2.993e-05,2.983e-05,2.996e-05,27519456.218653
2017-11-23,2.959e-05,2.813e-05,2.902e-05,2.904e-05,2.898e-05,2.906e-05,17432196.040466
2017-11-22,2.997e-05,2.821e-05,2.866e-05,2.866e-05,2.865e-05,2.867e-05,14785745.618632
2017-11-21,3.044e-05,2.878e-05,2.926e-05,2.92e-05,2.922e-05,2.93e-05,15809781.029938
2017-11-20,3.065e-05,2.836e-05,2.8885e-05,2.888e-05,2.888e-05,2.889e-05,16329364.891619
2017-11-19,2.982e-05,2.88e-05,2.9275e-05,2.924e-05,2.927e-05,2.928e-05,11867993.283371
2017-11-18,3.113e-05,2.71e-05,2.9145e-05,2.915e-05,2.914e-05,2.915e-05,33287463.587129
2017-11-17,3.934e-05,2.745e-05,2.8885e-05,2.893e-05,2.886e-05,2.891e-05,87510168.695171
2017-11-16,3.117e-05,2.82e-05,2.8735e-05,2.879e-05,2.87e-05,2.877e-05,12351712.161326
2017-11-15,3.211e-05,3.037e-05,3.112e-05,3.107e-05,3.107e-05,3.117e-05,9210713.001167
2017-11-14,3.368e-05,2.96e-05,3.0935e-05,3.095e-05,3.093e-05,3.094e-05,14943700.658829
2017-11-13,3.657e-05,2.974e-05,3.2695e-05,3.271e-05,3.269e-05,3.27e-05,31276110.212854
2017-11-12,3.4e-05,3.038e-05,3.3015e-05,3.309e-05,3.296e-05,3.307e-05,16625257.30243
2017-11-11,3.174e-05,2.963e-05,3.1005e-05,3.1e-05,3.1e-05,3.101e-05,17033478.462863
2017-11-10,3.105e-05,2.927e-05,3.0355e-05,3.036e-05,3.032e-05,3.039e-05,18871681.182405
2017-11-09,3.045e-05,2.673e-05,2.9305e-05,2.927e-05,2.927e-05,2.934e-05,17091143.465616
2017-11-08,2.922e-05,2.794e-05,2.8985e-05,2.899e-05,2.895e-05,2.902e-05,11082606.9908
2017-11-07,2.923e-05,2.698e-05,2.9035e-05,2.898e-05,2.901e-05,2.906e-05,16827851.856801
2017-11-05,2.755e-05,2.615e-05,2.727e-05,2.722e-05,2.723e-05,2.731e-05,7812794.8931821
2017-11-04,2.921e-05,2.697e-05,2.742e-05,2.747e-05,2.737e-05,2.747e-05,10708734.516308
2017-11-03,3.299e-05,2.67e-05,2.846e-05,2.847e-05,2.845e-05,2.847e-05,37608673.774222
2017-11-02,2.92e-05,2.446e-05,2.764e-05,2.757e-05,2.761e-05,2.767e-05,24065252.136947
2017-11-01,3.127e-05,2.85e-05,2.869e-05,2.873e-05,2.866e-05,2.872e-05,8837001.4660177
2017-10-31,3.334e-05,3.039e-05,3.1165e-05,3.119e-05,3.114e-05,3.119e-05,6788740.6661651
2017-10-30,3.383e-05,3.243e-05,3.3e-05,3.303e-05,3.296e-05,3.304e-05,5011360.0132895
2017-10-29,3.483e-05,3.237e-05,3.276e-05,3.283e-05,3.272e-05,3.28e-05,9723080.7297366
2017-10-28,3.522e-05,3.418e-05,3.4565e-05,3.451e-05,3.452e-05,3.461e-05,2892533.3577889
2017-10-27,3.51e-05,3.366e-05,3.474e-05,3.473e-05,3.469e-05,3.479e-05,3303859.672369
2017-10-26,3.578e-05,3.371e-05,3.4315e-05,3.428e-05,3.43e-05,3.433e-05,7214618.3430796
2017-10-25,3.743e-05,3.493e-05,3.5725e-05,3.573e-05,3.572e-05,3.573e-05,7985630.169024
2017-10-24,3.849e-05,3.167e-05,3.7415e-05,3.742e-05,3.741e-05,3.742e-05,34603839.658052
2017-10-23,3.395e-05,3.188e-05,3.2805e-05,3.277e-05,3.28e-05,3.281e-05,9736822.8619944
2017-10-22,3.514e-05,3.328e-05,3.3845e-05,3.39e-05,3.378e-05,3.391e-05,12100327.547299
2017-10-21,3.514e-05,3.207e-05,3.387e-05,3.383e-05,3.383e-05,3.391e-05,11697318.487787
2017-10-20,3.938e-05,3.395e-05,3.452e-05,3.454e-05,3.451e-05,3.453e-05,18492566.711288
2017-10-19,4.15e-05,3.597e-05,3.7405e-05,3.738e-05,3.74e-05,3.741e-05,30889666.114818
2017-10-18,4.326e-05,3.752e-05,3.887e-05,3.885e-05,3.885e-05,3.889e-05,20954530.647905
2017-10-17,4.64e-05,3.801e-05,4.041e-05,4.05e-05,4.032e-05,4.05e-05,24819087.065845
2017-10-16,5.299e-05,4.363e-05,4.539e-05,4.546e-05,4.534e-05,4.544e-05,50409933.563843
2017-10-15,4.864e-05,4.343e-05,4.585e-05,4.571e-05,4.572e-05,4.598e-05,31471526.242385
2017-10-14,4.78e-05,4.415e-05,4.501e-05,4.497e-05,4.493e-05,4.509e-05,29921900.681498
2017-10-13,4.733e-05,3.909e-05,4.5675e-05,4.58e-05,4.555e-05,4.58e-05,42720494.225619
2017-10-12,5.49e-05,4.525e-05,4.745e-05,4.747e-05,4.743e-05,4.747e-05,22044128.130209
2017-10-11,5.549e-05,5.22e-05,5.4435e-05,5.432e-05,5.44e-05,5.447e-05,11712449.699897
2017-10-10,5.551e-05,4.927e-05,5.3795e-05,5.371e-05,5.37e-05,5.389e-05,19546533.440188
2017-10-09,6.099e-05,4.786e-05,5.183e-05,5.191e-05,5.175e-05,5.191e-05,28802002.588183
2017-10-08,6.075e-05,5.364e-05,5.981e-05,5.973e-05,5.974e-05,5.988e-05,13862455.610225
2017-10-07,5.49e-05,5.311e-05,5.4095e-05,5.409e-05,5.407e-05,5.412e-05,6121151.1963752
2017-10-06,5.598e-05,5.277e-05,5.414e-05,5.414e-05,5.411e-05,5.417e-05,8902847.2547469
2017-10-05,5.64e-05,5.001e-05,5.4685e-05,5.475e-05,5.464e-05,5.473e-05,21856236.579937
2017-10-04,5.15e-05,4.682e-05,5.021e-05,5.034e-05,5.008e-05,5.034e-05,11698009.774626
2017-10-03,4.74e-05,4.56e-05,4.711e-05,4.698e-05,4.702e-05,4.72e-05,3604092.7262997
2017-10-02,4.751e-05,4.497e-05,4.665e-05,4.652e-05,4.654e-05,4.676e-05,4803065.7381373
2017-10-01,4.671e-05,4.55e-05,4.59e-05,4.579e-05,4.58e-05,4.6e-05,3442628.9280839
2017-09-30,4.791e-05,4.5e-05,4.591e-05,4.598e-05,4.584e-05,4.598e-05,4297461.1535864
2017-09-29,4.873e-05,4.655e-05,4.7335e-05,4.721e-05,4.728e-05,4.739e-05,3342801.8107613
2017-09-28,5.031e-05,4.715e-05,4.8585e-05,4.87e-05,4.851e-05,4.866e-05,6623392.4456111
2017-09-27,5.247e-05,4.81e-05,5.0125e-05,5.017e-05,5.008e-05,5.017e-05,8740184.4561732
2017-09-26,4.964e-05,4.657e-05,4.9415e-05,4.95e-05,4.933e-05,4.95e-05,4553407.135247
2017-09-25,4.805e-05,4.694e-05,4.715e-05,4.724e-05,4.706e-05,4.724e-05,1339752.2954429
2017-09-24,4.83e-05,4.701e-05,4.7825e-05,4.782e-05,4.782e-05,4.783e-05,1284786.191795
2017-09-23,4.794e-05,4.687e-05,4.733e-05,4.742e-05,4.725e-05,4.741e-05,3407141.2640442
2017-09-22,4.808e-05,4.634e-05,4.773e-05,4.775e-05,4.763e-05,4.783e-05,2979570.2315158
2017-09-21,4.796e-05,4.65e-05,4.7435e-05,4.751e-05,4.736e-05,4.751e-05,3668913.1415358
2017-09-20,4.747e-05,4.607e-05,4.661e-05,4.66e-05,4.66e-05,4.662e-05,3448337.1104853
2017-09-19,4.789e-05,4.638e-05,4.711e-05,4.721e-05,4.701e-05,4.721e-05,4617177.4631166
2017-09-18,4.949e-05,4.703e-05,4.7555e-05,4.764e-05,4.747e-05,4.764e-05,5886910.8480506
2017-09-17,5.012e-05,4.856e-05,4.9115e-05,4.928e-05,4.897e-05,4.926e-05,2714560.7443939
2017-09-16,5.024e-05,4.874e-05,4.927e-05,4.939e-05,4.915e-05,4.939e-05,4619542.0506734
2017-09-15,5.498e-05,4.92e-05,4.961e-05,4.969e-05,4.953e-05,4.969e-05,10868357.650147
2017-09-14,5.42e-05,4.901e-05,5.2935e-05,5.28e-05,5.279e-05,5.308e-05,7756544.7477774
2017-09-13,5.149e-05,4.982e-05,5.1145e-05,5.128e-05,5.101e-05,5.128e-05,2770305.1268417
2017-09-12,5.173e-05,4.998e-05,5.0475e-05,5.042e-05,5.042e-05,5.053e-05,2966737.2280969
2017-09-11,5.25e-05,4.926e-05,5.165e-05,5.155e-05,5.155e-05,5.175e-05,5516597.1792916
2017-09-10,5.198e-05,4.9e-05,5.1095e-05,5.093e-05,5.096e-05,5.123e-05,3430085.2734211
2017-09-09,4.975e-05,4.863e-05,4.926e-05,4.929e-05,4.908e-05,4.944e-05,1767083.7556905
2017-09-08,4.972e-05,4.751e-05,4.9175e-05,4.922e-05,4.906e-05,4.929e-05,3262206.8638211
2017-09-07,5.07e-05,4.844e-05,4.946e-05,4.932e-05,4.946e-05,4.946e-05,2381281.7362439
2017-09-06,5.057e-05,4.863e-05,5.0095e-05,5.024e-05,4.994e-05,5.025e-05,4870931.8537745
2017-09-05,5.02e-05,4.766e-05,4.8565e-05,4.862e-05,4.85e-05,4.863e-05,5951654.4004895
2017-09-04,5.026e-05,4.51e-05,4.883e-05,4.87e-05,4.871e-05,4.895e-05,10021894.924352
2017-09-03,5.076e-05,4.9e-05,5.0135e-05,5.009e-05,5.009e-05,5.018e-05,6662967.4844206
2017-09-02,5.228e-05,4.87e-05,4.9925e-05,5.0e-05,4.985e-05,5.0e-05,7243002.8101416
2017-09-01,5.633e-05,5.167e-05,5.2045e-05,5.218e-05,5.191e-05,5.218e-05,6430283.6450268
2017-08-31,5.485e-05,4.902e-05,5.482e-05,5.479e-05,5.479e-05,5.485e-05,6316908.6957225
2017-08-30,5.1e-05,4.701e-05,5.0085e-05,5.017e-05,5.0e-05,5.017e-05,3884136.5299855
2017-08-29,5.224e-05,4.675e-05,4.7655e-05,4.761e-05,4.762e-05,4.769e-05,8117673.844413
2017-08-28,5.598e-05,4.503e-05,5.1705e-05,5.175e-05,5.167e-05,5.174e-05,21303510.431253
2017-08-27,4.876e-05,4.433e-05,4.6465e-05,4.66e-05,4.644e-05,4.649e-05,7467342.1987494
2017-08-26,5.377e-05,4.805e-05,4.8605e-05,4.875e-05,4.847e-05,4.874e-05,5767345.3884626
2017-08-25,5.33e-05,4.655e-05,4.9835e-05,4.974e-05,4.974e-05,4.993e-05,14406395.422712
2017-08-24,6.878e-05,4.88e-05,4.998e-05,5.01e-05,4.986e-05,5.01e-05,24680450.635241
2017-08-23,7.418e-05,5.26e-05,6.3315e-05,6.35e-05,6.314e-05,6.349e-05,34462045.850943
2017-08-22,6.434e-05,4.46e-05,5.8645e-05,5.852e-05,5.854e-05,5.875e-05,39828187.591054
2017-08-21,4.976e-05,3.785e-05,4.9485e-05,4.967e-05,4.93e-05,4.967e-05,19500073.815953
2017-08-20,3.959e-05,3.655e-05,3.8695e-05,3.882e-05,3.86e-05,3.879e-05,4068518.9485613
2017-08-19,3.923e-05,3.658e-05,3.698e-05,3.705e-05,3.691e-05,3.705e-05,4993256.2957053
2017-08-18,4.053e-05,3.549e-05,3.8305e-05,3.815e-05,3.825e-05,3.836e-05,8668318.3358588
2017-08-17,3.724e-05,3.496e-05,3.693e-05,3.699e-05,3.687e-05,3.699e-05,6092372.5823239
2017-08-16,3.828e-05,3.599e-05,3.661e-05,3.66e-05,3.66e-05,3.662e-05,13615127.857455
2017-08-15,4.087e-05,3.648e-05,3.76e-05,3.775e-05,3.745e-05,3.775e-05,9507641.865609
2017-08-14,4.505e-05,3.838e-05,3.9365e-05,3.938e-05,3.926e-05,3.947e-05,4104811.6531405
2017-08-13,4.563e-05,3.854e-05,4.0475e-05,4.053e-05,4.043e-05,4.052e-05,7300707.6273098
2017-08-12,5.027e-05,4.377e-05,4.5e-05,4.504e-05,4.488e-05,4.512e-05,5351989.6963801
2017-08-11,5.343e-05,4.86e-05,4.877e-05,4.86e-05,4.861e-05,4.893e-05,3637088.2836433
2017-08-10,5.557e-05,5.223e-05,5.2775e-05,5.279e-05,5.253e-05,5.302e-05,2866399.9490512
2017-08-09,5.75e-05,5.451e-05,5.5285e-05,5.515e-05,5.506e-05,5.551e-05,4532677.0887571
2017-08-08,5.949e-05,5.115e-05,5.5925e-05,5.575e-05,5.576e-05,5.609e-05,7733009.0432578
2017-08-07,5.658e-05,5.201e-05,5.308e-05,5.295e-05,5.295e-05,5.321e-05,4499720.5098227
2017-08-06,5.85e-05,5.415e-05,5.5755e-05,5.591e-05,5.561e-05,5.59e-05,2968431.6892812
2017-08-05,6.107e-05,5.489e-05,5.703e-05,5.679e-05,5.685e-05,5.721e-05,5246541.4927856
2017-08-04,6.35e-05,6.0e-05,6.087e-05,6.068e-05,6.069e-05,6.105e-05,3097729.2558143
2017-08-03,6.455e-05,6.208e-05,6.2785e-05,6.3e-05,6.262e-05,6.295e-05,2092996.7195104
2017-08-02,6.626e-05,6.223e-05,6.397e-05,6.43e-05,6.386e-05,6.408e-05,4437372.1063924
2017-08-01,6.78e-05,5.701e-05,6.537e-05,6.504e-05,6.506e-05,6.568e-05,5423611.7263254
2017-07-31,5.991e-05,5.652e-05,5.779e-05,5.745e-05,5.758e-05,5.8e-05,3606512.4390628
2017-07-30,6.29e-05,5.916e-05,5.9475e-05,5.948e-05,5.917e-05,5.978e-05,2064740.5846311
2017-07-29,6.195e-05,5.609e-05,6.085e-05,6.099e-05,6.071e-05,6.099e-05,2063882.2846374
2017-07-28,6.518e-05,5.576e-05,5.795e-05,5.766e-05,5.773e-05,5.817e-05,4499338.7828747
2017-07-27,6.904e-05,6.479e-05,6.492e-05,6.507e-05,6.465e-05,6.519e-05,1700372.0636338
2017-07-26,6.945e-05,6.675e-05,6.8715e-05,6.877e-05,6.862e-05,6.881e-05,3029199.5875745
2017-07-25,7.048e-05,6.401e-05,6.7535e-05,6.777e-05,6.726e-05,6.781e-05,4374726.9552092
2017-07-24,7.223e-05,6.9e-05,6.9345e-05,6.97e-05,6.925e-05,6.944e-05,1741237.0157085
2017-07-23,7.438e-05,6.905e-05,7.2055e-05,7.2e-05,7.2e-05,7.211e-05,3336183.1060195
2017-07-22,7.124e-05,6.5e-05,7.0065e-05,7.02e-05,6.993e-05,7.02e-05,4349008.0492353
2017-07-21,7.109e-05,6.501e-05,6.9005e-05,6.955e-05,6.875e-05,6.926e-05,3238905.0114534
2017-07-20,7.475e-05,6.551e-05,6.8125e-05,6.8e-05,6.761e-05,6.864e-05,2025411.8220099
2017-07-19,7.85e-05,7.101e-05,7.2645e-05,7.298e-05,7.244e-05,7.285e-05,2080160.4992781
2017-07-18,8.023e-05,7.42e-05,7.8485e-05,7.802e-05,7.774e-05,7.923e-05,2234431.8417006
2017-07-17,8.038e-05,7.26e-05,7.696e-05,7.663e-05,7.679e-05,7.713e-05,5623819.8574231
2017-07-16,8.72e-05,6.926e-05,7.583e-05,7.601e-05,7.521e-05,7.645e-05,7686484.2841903
2017-07-15,8.782e-05,8.102e-05,8.6135e-05,8.589e-05,8.592e-05,8.635e-05,3219715.2190273
2017-07-14,8.273e-05,7.785e-05,8.189e-05,8.176e-05,8.178e-05,8.2e-05,2705227.7751906
2017-07-13,9.1e-05,7.729e-05,8.1875e-05,8.2e-05,8.175e-05,8.2e-05,5201685.7520888
2017-07-12,8.106e-05,7.336e-05,8.001e-05,8.019e-05,7.983e-05,8.019e-05,4697406.4414295
2017-07-11,8.439e-05,6.564e-05,7.642e-05,7.633e-05,7.626e-05,7.658e-05,11828334.438208
2017-07-10,9.085e-05,8.285e-05,8.2805e-05,8.309e-05,8.252e-05,8.309e-05,3083566.3591362
2017-07-09,9.547e-05,8.895e-05,9.058e-05,9.032e-05,9.025e-05,9.091e-05,1225439.5749667
2017-07-08,9.334e-05,8.5e-05,8.978e-05,8.954e-05,8.954e-05,9.002e-05,3719122.3163527
2017-07-07,9.707e-05,9.091e-05,9.286e-05,9.33e-05,9.25e-05,9.322e-05,3005462.9804181
2017-07-06,9.767e-05,9.551e-05,9.5955e-05,9.585e-05,9.585e-05,9.606e-05,1143358.8725749
2017-07-05,0.000101,9.495e-05,9.653e-05,9.621e-05,9.64e-05,9.666e-05,2040907.3726325
2017-07-04,9.938e-05,9.583e-05,9.5945e-05,9.595e-05,9.594e-05,9.595e-05,1287721.5868132
2017-07-03,0.0001014,9.803e-05,9.8985e-05,9.889e-05,9.872e-05,9.925e-05,2758374.0776896
2017-07-02,0.00010098,9.75e-05,0.000100445,0.00010051,0.00010025,0.00010064,2396266.9800868
2017-07-01,0.00010138,9.801e-05,9.892e-05,9.915e-05,9.87e-05,9.914e-05,1894004.5385913
2017-06-30,0.00010289,9.949e-05,0.000100945,0.0001008,0.00010077,0.00010112,1930560.2391682
2017-06-29,0.0001052,9.95e-05,0.000101325,0.00010143,0.00010121,0.00010144,3534703.1124259
2017-06-28,0.00010518,0.00010041,0.00010376,0.00010415,0.00010345,0.00010407,1308532.8851642
2017-06-27,0.0001034,9.713e-05,0.00010152,0.0001017,0.00010135,0.00010169,4338300.1841779
2017-06-26,0.0001078,9.234e-05,0.000101095,0.0001012,0.00010099,0.0001012,5885629.9872387
2017-06-25,0.00010967,0.00010148,0.000103355,0.00010397,0.000103,0.00010371,2498006.1751618
2017-06-24,0.00011292,0.00010377,0.00010835,0.00010802,0.0001082,0.0001085,4150832.6757112
2017-06-23,0.00010909,0.00010105,0.00010869,0.00010909,0.00010829,0.00010909,2257262.0741908
2017-06-22,0.0001063,9.89e-05,0.000102555,0.00010229,0.00010229,0.00010282,2933990.8647373
2017-06-21,0.00011503,9.785e-05,0.000100215,0.00010003,9.975e-05,0.00010068,4207465.9234436
2017-06-20,0.0001229,0.00010395,0.00011445,0.00011456,0.0001142,0.0001147,10533762.448188
2017-06-19,0.00010592,0.0001014,0.00010433,0.0001044,0.00010421,0.00010445,2264040.4490667
2017-06-18,0.00010865,9.764e-05,0.000105625,0.00010546,0.00010546,0.00010579,4051723.4608029
2017-06-17,0.00010147,9.7e-05,9.9075e-05,9.92e-05,9.881e-05,9.934e-05,1897272.5308047
2017-06-16,0.00010361,0.0001,0.000100505,0.00010035,0.0001002,0.00010081,1282916.6696057
2017-06-15,0.00010863,9.914e-05,0.000102155,0.00010186,0.00010186,0.00010245,4600837.6757879
2017-06-14,0.00011099,9.454e-05,0.00010698,0.00010677,0.00010672,0.00010724,7464818.263233
2017-06-13,0.00010282,9.161e-05,9.576e-05,9.565e-05,9.553e-05,9.599e-05,5679670.4759497
2017-06-12,9.56e-05,8.864e-05,9.2945e-05,9.311e-05,9.278e-05,9.311e-05,5402819.783025
2017-06-11,9.565e-05,8.841e-05,9.2085e-05,9.182e-05,9.182e-05,9.235e-05,3382720.7194061
2017-06-10,0.00010191,8.99e-05,9.0665e-05,9.088e-05,9.049e-05,9.084e-05,5928190.7770833
2017-06-09,0.00010789,9.727e-05,0.000100375,0.0001003,0.0001003,0.00010045,9402295.5029425
2017-06-08,0.0001198,0.00010075,0.000102685,0.0001024,0.00010245,0.00010292,12049828.251231
2017-06-07,0.00010745,9.702e-05,0.000102365,0.00010207,0.00010207,0.00010266,4519656.1320763
2017-06-06,0.00010923,9.703e-05,9.8145e-05,9.838e-05,9.791e-05,9.838e-05,5155405.8065165
2017-06-05,0.00011694,0.00010793,0.000108695,0.00010888,0.00010852,0.00010887,3052712.9097311
2017-06-04,0.00012297,0.00010602,0.00011446,0.00011472,0.00011419,0.00011473,4240654.42887
2017-06-03,0.00012464,0.00010645,0.000106445,0.00010662,0.00010627,0.00010662,5929761.1707118
2017-06-02,0.0001432,0.00011548,0.000121125,0.00012133,0.00012107,0.00012118,7100909.8641318
2017-06-01,0.00013871,0.00010529,0.000138335,0.00013798,0.00013799,0.00013868,9444363.7240418
2017-05-31,0.0001121,8.904e-05,0.000106385,0.00010673,0.00010546,0.00010731,6548655.0459462
2017-05-30,0.00010449,9.2e-05,9.434e-05,9.425e-05,9.4e-05,9.468e-05,3022338.2046643
2017-05-29,0.0001081,9.974e-05,0.000102305,0.00010189,0.00010193,0.00010268,2554982.3218765
2017-05-28,0.0001124,9.7e-05,0.000108075,0.0001075,0.0001075,0.00010865,3567552.1129706
2017-05-27,0.00012351,8.01e-05,0.000103375,0.00010355,0.0001032,0.00010355,14869789.199702
2017-05-26,0.00013545,0.00010293,0.00011807,0.00011807,0.00011743,0.00011871,6281940.1225995
2017-05-25,0.00012549,9.369e-05,0.00010537,0.00010612,0.00010461,0.00010613,10509396.145712
2017-05-24,0.0001463,0.00011479,0.000122995,0.0001228,0.000122,0.00012399,4959037.9728713
2017-05-23,0.00015851,0.00013001,0.000144665,0.0001442,0.00014335,0.00014598,2929714.3929774
2017-05-22,0.00016494,0.00011478,0.00014078,0.00014107,0.00014041,0.00014115,8063178.3414422
2017-05-21,0.00017814,0.0001601,0.00016278,0.00016371,0.00016207,0.00016349,3390938.6698751
2017-05-20,0.00018887,0.00014749,0.0001681,0.000168,0.00016721,0.00016899,4924473.6954815
2017-05-19,0.00019999,0.00013014,0.000164325,0.00016923,0.00015942,0.00016923,1133802.0865499
